timestamp_ms,device_id,protocol,direction,packet_size,airtime_ms,success,qos_class,energy_mj
7918545.371175375,0,mqtt_sn,downlink,9,40.388000000000005,True,normal,0.0
7918515.327175375,0,novel_lpwan,downlink,10,78.976,True,normal,0.0
7918608.259175375,0,coap,downlink,11,80.576,True,normal,0.0
9275727.632647606,55,novel_lpwan,downlink,48,262.752,True,normal,0.0
9275867.352647606,55,coap,downlink,49,141.376,True,normal,0.0
9275833.808647607,55,mqtt_sn,downlink,47,259.852,True,normal,0.0
9500642.442425804,23,novel_lpwan,downlink,12,22.544,True,normal,0.0
9500672.486425804,23,mqtt_sn,downlink,11,80.576,True,normal,0.0
9500735.374425804,23,coap,downlink,13,43.98800000000001,True,normal,0.0
9809347.129246702,39,novel_lpwan,downlink,10,21.544,True,normal,0.0
9809582.525246702,39,coap,downlink,11,80.576,True,normal,0.0
9809548.981246702,39,mqtt_sn,downlink,9,289.104,True,normal,0.0
10033270.872547092,13,novel_lpwan,downlink,48,40.544,True,normal,0.0
10033377.048547093,13,mqtt_sn,downlink,47,40.044,False,normal,0.0
10033410.592547093,13,coap,downlink,49,41.044,True,normal,0.0
10316841.67643774,6,novel_lpwan,downlink,9,40.388000000000005,True,normal,0.0
10317043.52843774,6,mqtt_sn,downlink,8,20.544,True,normal,0.0
10317160.90443774,6,coap,downlink,10,41.288000000000004,True,normal,0.0
10758490.624391891,77,mqtt_sn,downlink,8,20.544,True,normal,0.0
10758553.512391891,77,coap,downlink,10,21.544,True,normal,0.0
10758288.772391891,77,novel_lpwan,downlink,9,289.104,True,normal,0.0
11324073.255815415,72,mqtt_sn,downlink,47,40.044,True,normal,0.0
11324136.143815415,72,coap,downlink,49,76.388,False,normal,0.0
11512527.294877717,84,novel_lpwan,downlink,10,41.288000000000004,True,normal,0.0
11512750.846877718,84,coap,downlink,11,22.044,True,normal,0.0
11512633.470877718,84,mqtt_sn,downlink,9,149.65200000000002,True,normal,0.0
11865245.39777942,50,novel_lpwan,downlink,9,77.376,True,normal,0.0
11865351.57377942,50,mqtt_sn,downlink,8,39.48800000000001,True,normal,0.0
11865385.11777942,50,coap,downlink,10,78.976,True,normal,0.0
11889455.30709343,76,novel_lpwan,downlink,48,75.488,True,normal,0.0
11889657.15909343,76,mqtt_sn,downlink,47,138.176,True,normal,0.0
11889774.53509343,76,coap,downlink,49,76.388,False,normal,0.0
11893080.546049988,72,novel_lpwan,downlink,48,40.544,True,normal,0.0
12102472.927806938,43,novel_lpwan,downlink,48,40.544,True,normal,0.0
12103206.835806938,43,mqtt_sn,downlink,47,40.044,False,normal,0.0
12103269.723806938,43,coap,downlink,49,41.044,True,normal,0.0
12280660.545459248,13,coap,downlink,49,265.652,True,normal,0.0
12280513.125459248,13,novel_lpwan,downlink,48,491.904,True,normal,0.0
12280543.169459248,13,mqtt_sn,downlink,47,486.704,True,normal,0.0
12760446.66187746,62,novel_lpwan,downlink,48,262.752,True,normal,0.0
12760648.51387746,62,mqtt_sn,downlink,47,138.176,True,normal,0.0
12760711.401877461,62,coap,downlink,49,497.10400000000004,True,normal,0.0
13435359.194722777,13,mqtt_sn,downlink,47,40.044,True,normal,0.0
13435329.150722777,13,novel_lpwan,downlink,48,139.776,True,normal,0.0
13435476.570722777,13,coap,downlink,49,76.388,True,normal,0.0
13555349.297933383,96,novel_lpwan,downlink,48,40.544,True,normal,0.0
13555732.001933383,96,mqtt_sn,downlink,47,138.176,True,normal,0.0
13555794.889933383,96,coap,downlink,49,265.652,False,normal,0.0
13884034.953021804,79,mqtt_sn,downlink,11,42.188,True,normal,0.0
13883928.777021803,79,novel_lpwan,downlink,12,158.352,True,normal,0.0
13884097.841021804,79,coap,downlink,13,43.98800000000001,True,normal,0.0
13985069.602482876,0,novel_lpwan,downlink,9,21.044,True,normal,0.0
13985452.306482876,0,mqtt_sn,downlink,8,20.544,True,normal,0.0
13985515.194482876,0,coap,downlink,10,21.544,True,normal,0.0
14030510.611058291,11,novel_lpwan,downlink,9,40.388000000000005,True,normal,0.0
14030600.74305829,11,coap,downlink,10,21.544,True,normal,0.0
14030567.19905829,11,mqtt_sn,downlink,8,146.752,True,normal,0.0
14501805.284143055,8,novel_lpwan,downlink,12,43.08800000000001,True,normal,0.0
14502187.988143055,8,mqtt_sn,downlink,11,22.044,True,normal,0.0
14502221.532143055,8,coap,downlink,13,43.98800000000001,True,normal,0.0
14916997.579603365,48,coap,downlink,49,76.388,True,normal,0.0
14916880.203603365,48,mqtt_sn,downlink,47,259.852,True,normal,0.0
14916774.027603364,48,novel_lpwan,downlink,48,491.904,True,normal,0.0
15454806.938624969,98,novel_lpwan,downlink,48,75.488,True,normal,0.0
15455008.790624969,98,mqtt_sn,downlink,47,138.176,True,normal,0.0
15455427.894624969,98,coap,downlink,49,41.044,True,normal,0.0
15865957.83332842,88,novel_lpwan,downlink,9,21.044,True,normal,0.0
15866105.25332842,88,coap,downlink,10,78.976,True,normal,0.0
15866679.40932842,88,mqtt_sn,downlink,8,20.544,True,normal,0.0
16767382.830176003,5,mqtt_sn,downlink,8,39.48800000000001,True,normal,0.0
16767276.654176002,5,novel_lpwan,downlink,9,149.65200000000002,True,normal,0.0
16767500.206176003,5,coap,downlink,10,21.544,True,normal,0.0
16980247.37961546,88,novel_lpwan,downlink,48,40.544,True,normal,0.0
16980353.55561546,88,mqtt_sn,downlink,47,40.044,True,normal,0.0
16980416.44361546,88,coap,downlink,49,41.044,True,normal,0.0
17050073.494596988,74,mqtt_sn,downlink,11,42.188,True,normal,0.0
17050107.038596988,74,coap,downlink,13,161.252,True,normal,0.0
18602455.18471204,52,novel_lpwan,downlink,12,22.544,True,normal,0.0
18602837.88871204,52,mqtt_sn,downlink,11,22.044,True,normal,0.0
18602900.77671204,52,coap,downlink,13,43.98800000000001,False,normal,0.0
18999273.22931902,78,novel_lpwan,downlink,10,152.55200000000002,True,normal,0.0
18999336.81731902,78,coap,downlink,11,155.452,True,normal,0.0
19566960.611739133,78,mqtt_sn,downlink,9,40.388000000000005,False,normal,0.0
19966451.287034247,85,novel_lpwan,downlink,9,40.388000000000005,True,normal,0.0
19966481.331034247,85,mqtt_sn,downlink,8,20.544,True,normal,0.0
19966544.219034247,85,coap,downlink,10,78.976,True,normal,0.0
20062016.873553235,69,mqtt_sn,downlink,47,74.58800000000001,True,normal,0.0
20061960.285553236,69,novel_lpwan,downlink,48,262.752,True,normal,0.0
20062435.977553234,69,coap,downlink,49,265.652,True,normal,0.0
20611658.11616731,85,novel_lpwan,downlink,9,21.044,True,normal,0.0
20611714.70416731,85,mqtt_sn,downlink,8,146.752,True,normal,0.0
20612133.80816731,85,coap,downlink,10,78.976,True,normal,0.0
20771366.142321806,41,mqtt_sn,downlink,8,20.544,True,normal,0.0
20771336.098321807,41,novel_lpwan,downlink,9,149.65200000000002,True,normal,0.0
20772166.550321806,41,coap,downlink,10,78.976,True,normal,0.0
21418190.620676287,47,novel_lpwan,downlink,9,21.044,True,normal,0.0
21418573.324676286,47,mqtt_sn,downlink,8,20.544,True,normal,0.0
21418636.212676287,47,coap,downlink,10,41.288000000000004,True,normal,0.0
22669599.504173636,42,novel_lpwan,downlink,9,149.65200000000002,True,normal,0.0
22669801.35617364,42,mqtt_sn,downlink,8,39.48800000000001,True,normal,0.0
22669834.900173638,42,coap,downlink,10,21.544,True,normal,0.0
23109437.976548783,8,novel_lpwan,downlink,48,75.488,True,normal,0.0
23109690.172548782,8,coap,downlink,49,41.044,True,normal,0.0
23109468.020548783,8,mqtt_sn,downlink,47,486.704,True,normal,0.0
23298868.7068093,72,novel_lpwan,downlink,48,40.544,True,normal,0.0
23298974.8828093,72,mqtt_sn,downlink,47,40.044,True,normal,0.0
23299775.2908093,72,coap,downlink,49,265.652,True,normal,0.0
23674901.210449517,39,coap,downlink,10,41.288000000000004,True,normal,0.0
23674867.666449517,39,mqtt_sn,downlink,8,283.904,True,normal,0.0
24259201.974852122,39,novel_lpwan,downlink,9,289.104,True,normal,0.0
25242218.138946425,82,novel_lpwan,downlink,10,41.288000000000004,True,normal,0.0
25242274.726946425,82,mqtt_sn,downlink,9,40.388000000000005,True,normal,0.0
25242693.830946423,82,coap,downlink,11,80.576,True,normal,0.0
25570112.530247696,66,novel_lpwan,downlink,10,41.288000000000004,True,normal,0.0
25570142.574247696,66,mqtt_sn,downlink,9,21.044,True,normal,0.0
25570205.462247696,66,coap,downlink,11,299.504,True,normal,0.0
25600573.616955377,93,novel_lpwan,downlink,12,43.08800000000001,True,normal,0.0
25600603.660955377,93,mqtt_sn,downlink,11,22.044,True,normal,0.0
25600721.036955375,93,coap,downlink,13,43.98800000000001,True,normal,0.0
25834910.401043624,3,novel_lpwan,downlink,10,41.288000000000004,True,normal,0.0
25834940.445043623,3,mqtt_sn,downlink,9,21.044,True,normal,0.0
25835003.333043624,3,coap,downlink,11,42.188,True,normal,0.0
26136090.9060833,13,mqtt_sn,downlink,47,138.176,True,normal,0.0
26136208.2820833,13,coap,downlink,49,41.044,True,normal,0.0
26136034.3180833,13,novel_lpwan,downlink,48,262.752,True,normal,0.0
26211813.340048835,71,novel_lpwan,downlink,48,40.544,True,normal,0.0
26211869.928048834,71,mqtt_sn,downlink,47,74.58800000000001,True,normal,0.0
26665732.155291308,57,mqtt_sn,downlink,47,74.58800000000001,True,normal,0.0
26665795.043291308,57,coap,downlink,49,41.044,True,normal,0.0
26803014.9558539,71,coap,downlink,49,41.044,True,normal,0.0
26827989.05706486,98,novel_lpwan,downlink,10,41.288000000000004,True,normal,0.0
26828108.53306486,98,coap,downlink,11,22.044,True,normal,0.0
26828045.64506486,98,mqtt_sn,downlink,9,149.65200000000002,True,normal,0.0
26973089.673179917,72,mqtt_sn,downlink,9,77.376,True,normal,0.0
26972983.497179918,72,novel_lpwan,downlink,10,294.304,True,normal,0.0
26973123.217179917,72,coap,downlink,11,155.452,True,normal,0.0
27019401.575452834,24,mqtt_sn,downlink,47,40.044,True,normal,0.0
27019199.723452833,24,novel_lpwan,downlink,48,262.752,True,normal,0.0
27019435.119452834,24,coap,downlink,49,265.652,True,normal,0.0
27041606.572414704,1,novel_lpwan,downlink,10,78.976,True,normal,0.0
27041808.424414705,1,mqtt_sn,downlink,9,40.388000000000005,True,normal,0.0
27041925.800414704,1,coap,downlink,11,80.576,True,normal,0.0
27104932.214408968,27,mqtt_sn,downlink,47,74.58800000000001,True,normal,0.0
27104965.758408967,27,coap,downlink,49,76.388,True,normal,0.0
27104902.170408968,27,novel_lpwan,downlink,48,262.752,True,normal,0.0
27258494.597397268,99,novel_lpwan,downlink,12,82.176,True,normal,0.0
27258696.44939727,99,mqtt_sn,downlink,11,22.044,True,normal,0.0
27258729.99339727,99,coap,downlink,13,43.98800000000001,True,normal,0.0
27269922.975613657,57,novel_lpwan,downlink,48,491.904,True,normal,0.0
28402329.921708375,16,novel_lpwan,downlink,12,158.352,True,normal,0.0
28402531.773708377,16,mqtt_sn,downlink,11,155.452,True,normal,0.0
28402950.877708375,16,coap,downlink,13,161.252,True,normal,0.0
28764990.15670165,82,novel_lpwan,downlink,12,22.544,True,normal,0.0
28765372.86070165,82,mqtt_sn,downlink,11,155.452,True,normal,0.0
28765435.74870165,82,coap,downlink,13,161.252,True,normal,0.0
29320569.09947749,31,novel_lpwan,downlink,12,158.352,True,normal,0.0
29320951.80347749,31,mqtt_sn,downlink,11,42.188,True,normal,0.0
29320985.34747749,31,coap,downlink,13,43.98800000000001,True,normal,0.0
29893062.63896366,1,novel_lpwan,downlink,10,78.976,True,normal,0.0
29893092.682963658,1,mqtt_sn,downlink,9,77.376,True,normal,0.0
29893126.226963658,1,coap,downlink,11,581.908,True,normal,0.0
30710793.68803812,86,novel_lpwan,downlink,9,21.044,True,normal,0.0
30711176.392038118,86,mqtt_sn,downlink,8,39.48800000000001,True,normal,0.0
30711239.28003812,86,coap,downlink,10,41.288000000000004,True,normal,0.0
30847747.986870073,38,coap,downlink,49,41.044,True,normal,0.0
30847714.442870073,38,mqtt_sn,downlink,47,486.704,True,normal,0.0
30847684.398870073,38,novel_lpwan,downlink,48,933.408,True,normal,0.0
31183955.93108273,77,novel_lpwan,downlink,12,22.544,True,normal,0.0
31184062.10708273,77,mqtt_sn,downlink,11,22.044,True,normal,0.0
31184095.651082728,77,coap,downlink,13,23.044,False,normal,0.0
31204866.23149463,0,novel_lpwan,downlink,48,40.544,True,normal,0.0
31204896.27549463,0,mqtt_sn,downlink,47,138.176,True,normal,0.0
31204959.16349463,0,coap,downlink,49,265.652,True,normal,0.0
31392012.869233478,60,novel_lpwan,downlink,9,40.388000000000005,True,normal,0.0
31392119.045233477,60,mqtt_sn,downlink,8,20.544,True,normal,0.0
31392236.421233475,60,coap,downlink,10,78.976,True,normal,0.0
31658176.87574384,49,novel_lpwan,downlink,9,77.376,True,normal,0.0
31658283.05174384,49,mqtt_sn,downlink,8,75.776,True,normal,0.0
31658702.155743837,49,coap,downlink,10,21.544,True,normal,0.0
31837313.84133576,79,mqtt_sn,downlink,11,42.188,True,normal,0.0
31838114.24933576,79,coap,downlink,13,23.044,True,normal,0.0
31948279.13355703,86,novel_lpwan,downlink,12,22.544,True,normal,0.0
31948335.72155703,86,mqtt_sn,downlink,11,22.044,True,normal,0.0
31948557.873557027,86,coap,downlink,13,43.98800000000001,True,normal,0.0
31980055.585495327,23,novel_lpwan,downlink,9,21.044,True,normal,0.0
31980290.98149533,23,coap,downlink,10,21.544,True,normal,0.0
31980257.43749533,23,mqtt_sn,downlink,8,283.904,True,normal,0.0
32170248.084771197,61,novel_lpwan,downlink,10,21.544,True,normal,0.0
32170278.128771197,61,mqtt_sn,downlink,9,40.388000000000005,True,normal,0.0
32170341.016771197,61,coap,downlink,11,42.188,True,normal,0.0
32406783.13682011,79,novel_lpwan,downlink,12,591.408,True,normal,0.0
32497911.294221796,43,novel_lpwan,downlink,12,82.176,True,normal,0.0
32498113.146221798,43,mqtt_sn,downlink,11,155.452,True,normal,0.0
32498176.0342218,43,coap,downlink,13,309.904,True,normal,0.0
32607053.280946493,40,mqtt_sn,downlink,11,42.188,True,normal,0.0
32606996.692946494,40,novel_lpwan,downlink,12,158.352,True,normal,0.0
32607472.38494649,40,coap,downlink,13,600.908,True,normal,0.0
33159609.958416715,9,mqtt_sn,downlink,8,20.544,True,normal,0.0
33159672.846416716,9,coap,downlink,10,41.288000000000004,True,normal,0.0
33159579.914416716,9,novel_lpwan,downlink,9,289.104,True,normal,0.0
33469150.761747126,29,novel_lpwan,downlink,48,139.776,True,normal,0.0
33469180.805747125,29,mqtt_sn,downlink,47,259.852,True,normal,0.0
33469298.181747124,29,coap,downlink,49,265.652,True,normal,0.0
33478625.723631114,97,novel_lpwan,downlink,48,40.544,True,normal,0.0
33478827.575631116,97,mqtt_sn,downlink,47,486.704,True,normal,0.0
34129861.271899484,97,coap,downlink,49,76.388,True,normal,0.0
34346810.30620168,22,mqtt_sn,downlink,9,40.388000000000005,True,normal,0.0
34346753.71820168,22,novel_lpwan,downlink,10,152.55200000000002,True,normal,0.0
34346873.19420168,22,coap,downlink,11,155.452,True,normal,0.0
34664315.450855546,52,novel_lpwan,downlink,9,77.376,True,normal,0.0
34664698.15485555,52,mqtt_sn,downlink,8,146.752,True,normal,0.0
34665117.25885555,52,coap,downlink,10,41.288000000000004,True,normal,0.0
36221536.825281456,23,novel_lpwan,downlink,10,21.544,True,normal,0.0
36221643.001281455,23,mqtt_sn,downlink,9,21.044,True,normal,0.0
36221760.37728146,23,coap,downlink,11,80.576,True,normal,0.0
36710998.19849932,62,novel_lpwan,downlink,12,82.176,True,normal,0.0
36711137.91849932,62,coap,downlink,13,43.98800000000001,True,normal,0.0
36711104.37449932,62,mqtt_sn,downlink,11,155.452,True,normal,0.0
37772394.769918874,68,mqtt_sn,downlink,9,21.044,False,normal,0.0
37772364.725918874,68,novel_lpwan,downlink,10,78.976,True,normal,0.0
37772428.31391887,68,coap,downlink,11,42.188,True,normal,0.0
37788451.766691625,78,novel_lpwan,downlink,12,82.176,False,normal,0.0
37788557.942691624,78,mqtt_sn,downlink,11,80.576,True,normal,0.0
37788675.318691626,78,coap,downlink,13,43.98800000000001,True,normal,0.0
38447556.07224071,2,novel_lpwan,downlink,9,21.044,True,normal,0.0
38447703.49224071,2,coap,downlink,10,21.544,True,normal,0.0
38447586.11624071,2,mqtt_sn,downlink,8,283.904,True,normal,0.0
38881422.05402719,93,mqtt_sn,downlink,47,74.58800000000001,True,normal,0.0
38881392.01002719,93,novel_lpwan,downlink,48,139.776,True,normal,0.0
38881841.158027194,93,coap,downlink,49,41.044,True,normal,0.0
39021889.26302129,68,novel_lpwan,downlink,10,41.288000000000004,True,normal,0.0
39021952.85102129,68,coap,downlink,11,42.188,True,normal,0.0
39062840.422131255,75,novel_lpwan,downlink,48,75.488,True,normal,0.0
39062870.466131255,75,mqtt_sn,downlink,47,259.852,True,normal,0.0
39063289.57013126,75,coap,downlink,49,76.388,True,normal,0.0
39460110.17287755,33,novel_lpwan,downlink,9,77.376,True,normal,0.0
39460166.76087755,33,mqtt_sn,downlink,8,39.48800000000001,True,normal,0.0
39460229.648877546,33,coap,downlink,10,152.55200000000002,True,normal,0.0
39642391.05373478,68,mqtt_sn,downlink,9,77.376,True,normal,0.0
39868643.47217478,36,novel_lpwan,downlink,10,41.288000000000004,True,normal,0.0
39868908.21217477,36,coap,downlink,11,22.044,True,normal,0.0
39868845.32417478,36,mqtt_sn,downlink,9,149.65200000000002,True,normal,0.0
40038400.66924102,24,novel_lpwan,downlink,9,40.388000000000005,True,normal,0.0
40038506.84524102,24,mqtt_sn,downlink,8,39.48800000000001,True,normal,0.0
40038624.22124102,24,coap,downlink,10,152.55200000000002,True,normal,0.0
40121775.6090013,35,novel_lpwan,downlink,12,22.544,True,normal,0.0
40122158.313001305,35,mqtt_sn,downlink,11,80.576,True,normal,0.0
40122577.41700131,35,coap,downlink,13,23.044,True,normal,0.0
41129828.018248074,36,novel_lpwan,downlink,48,40.544,True,normal,0.0
41129858.06224807,36,mqtt_sn,downlink,47,40.044,True,normal,0.0
41129891.60624807,36,coap,downlink,49,41.044,True,normal,0.0
41358144.59896614,0,novel_lpwan,downlink,12,43.08800000000001,True,normal,0.0
41358250.774966136,0,mqtt_sn,downlink,11,42.188,True,normal,0.0
41358368.15096614,0,coap,downlink,13,309.904,True,normal,0.0
41413717.37623384,5,novel_lpwan,downlink,48,75.488,True,normal,0.0
41413773.96423384,5,mqtt_sn,downlink,47,259.852,True,normal,0.0
41413996.11623384,5,coap,downlink,49,41.044,True,normal,0.0
41781702.18431524,91,novel_lpwan,downlink,9,21.044,True,normal,0.0
41782151.332315244,91,coap,downlink,10,78.976,True,normal,0.0
41915344.08780736,44,mqtt_sn,downlink,11,42.188,True,normal,0.0
41915142.23580736,44,novel_lpwan,downlink,12,304.704,True,normal,0.0
41915461.46380736,44,coap,downlink,13,43.98800000000001,True,normal,0.0
42221647.2366679,53,novel_lpwan,downlink,48,139.776,True,normal,0.0
42222381.1446679,53,mqtt_sn,downlink,47,138.176,True,normal,0.0
42222498.5206679,53,coap,downlink,49,41.044,True,normal,0.0
42390059.86421737,91,mqtt_sn,downlink,8,283.904,True,normal,0.0
42442429.208375014,1,novel_lpwan,downlink,48,139.776,True,normal,0.0
42442603.172375016,1,coap,downlink,49,265.652,True,normal,0.0
42442485.796375014,1,mqtt_sn,downlink,47,486.704,True,normal,0.0
42469965.87386889,88,novel_lpwan,downlink,12,158.352,True,normal,0.0
42469995.91786889,88,mqtt_sn,downlink,11,155.452,True,normal,0.0
42470029.46186889,88,coap,downlink,13,309.904,True,normal,0.0
42640374.71556094,72,novel_lpwan,downlink,12,158.352,True,normal,0.0
42640576.56756094,72,mqtt_sn,downlink,11,299.504,True,normal,0.0
42718995.31503941,84,novel_lpwan,downlink,48,40.544,True,normal,0.0
42719135.03503941,84,coap,downlink,49,141.376,True,normal,0.0
42719101.49103941,84,mqtt_sn,downlink,47,486.704,True,normal,0.0
43289191.20660472,72,coap,downlink,13,23.044,False,normal,0.0
43419701.49701118,40,novel_lpwan,downlink,9,149.65200000000002,True,normal,0.0
43419903.349011175,40,mqtt_sn,downlink,8,146.752,True,normal,0.0
43419936.893011175,40,coap,downlink,10,152.55200000000002,True,normal,0.0
43552410.67457579,93,mqtt_sn,downlink,47,40.044,True,normal,0.0
43552380.63057579,93,novel_lpwan,downlink,48,262.752,True,normal,0.0
43553211.08257579,93,coap,downlink,49,265.652,True,normal,0.0
43597829.40339679,52,novel_lpwan,downlink,9,77.376,True,normal,0.0
43597935.57939679,52,mqtt_sn,downlink,8,20.544,True,normal,0.0
43597998.46739679,52,coap,downlink,10,41.288000000000004,True,normal,0.0
43715618.85583555,48,novel_lpwan,downlink,12,158.352,True,normal,0.0
43716001.55983555,48,mqtt_sn,downlink,11,42.188,False,normal,0.0
43716420.663835555,48,coap,downlink,13,43.98800000000001,True,normal,0.0
44475526.24844439,75,novel_lpwan,downlink,10,21.544,False,normal,0.0
44475632.42444439,75,mqtt_sn,downlink,9,40.388000000000005,True,normal,0.0
44475665.96844439,75,coap,downlink,11,42.188,True,normal,0.0
45138049.37661037,55,novel_lpwan,downlink,9,21.044,True,normal,0.0
45138251.22861037,55,mqtt_sn,downlink,8,39.48800000000001,False,normal,0.0
45138473.38061037,55,coap,downlink,10,21.544,True,normal,0.0
45505057.37472442,10,novel_lpwan,downlink,48,75.488,True,normal,0.0
45505259.226724416,10,mqtt_sn,downlink,47,40.044,True,normal,0.0
45505678.33072442,10,coap,downlink,49,41.044,True,normal,0.0
45849107.82321548,26,novel_lpwan,downlink,48,491.904,True,normal,0.0
45849213.999215476,26,mqtt_sn,downlink,47,923.908,True,normal,0.0
46668017.53226316,70,novel_lpwan,downlink,9,21.044,True,normal,0.0
46668047.57626316,70,mqtt_sn,downlink,8,39.48800000000001,True,normal,0.0
46668110.464263156,70,coap,downlink,10,78.976,True,normal,0.0
46672874.55778401,78,mqtt_sn,downlink,47,40.044,True,normal,0.0
46672817.969784014,78,novel_lpwan,downlink,48,139.776,True,normal,0.0
46672937.44578401,78,coap,downlink,49,265.652,True,normal,0.0
47527236.65544137,27,novel_lpwan,downlink,12,22.544,False,normal,0.0
47527342.83144137,27,mqtt_sn,downlink,11,80.576,True,normal,0.0
47527564.983441375,27,coap,downlink,13,43.98800000000001,True,normal,0.0
47867504.018831715,48,novel_lpwan,downlink,9,77.376,True,normal,0.0
47867705.87083171,48,mqtt_sn,downlink,8,75.776,True,normal,0.0
47867768.75883171,48,coap,downlink,10,41.288000000000004,True,normal,0.0
47957201.039244786,82,novel_lpwan,downlink,9,21.044,True,normal,0.0
47957307.215244785,82,mqtt_sn,downlink,8,146.752,True,normal,0.0
47957529.36724479,82,coap,downlink,10,21.544,True,normal,0.0
48597105.93345203,68,novel_lpwan,downlink,12,22.544,True,normal,0.0
48597169.52145203,68,coap,downlink,13,83.776,True,normal,0.0
48597135.97745203,68,mqtt_sn,downlink,11,155.452,True,normal,0.0
48657578.958934896,85,novel_lpwan,downlink,12,43.08800000000001,True,normal,0.0
48657635.546934895,85,mqtt_sn,downlink,11,42.188,False,normal,0.0
48657752.9229349,85,coap,downlink,13,161.252,True,normal,0.0
48725329.947803006,95,novel_lpwan,downlink,9,21.044,True,normal,0.0
48725386.535803005,95,mqtt_sn,downlink,8,20.544,True,normal,0.0
48725608.68780301,95,coap,downlink,10,41.288000000000004,True,normal,0.0
49075945.68181211,25,novel_lpwan,downlink,48,139.776,True,normal,0.0
49076002.26981211,25,mqtt_sn,downlink,47,259.852,True,normal,0.0
49076065.1578121,25,coap,downlink,49,942.908,True,normal,0.0
49221294.67379597,4,mqtt_sn,downlink,47,40.044,True,normal,0.0
49221328.21779597,4,coap,downlink,49,265.652,True,normal,0.0
49221188.49779597,4,novel_lpwan,downlink,48,933.408,True,normal,0.0
49323398.60710213,53,novel_lpwan,downlink,12,43.08800000000001,True,normal,0.0
49323455.19510213,53,mqtt_sn,downlink,11,22.044,True,normal,0.0
49323488.73910213,53,coap,downlink,13,83.776,True,normal,0.0
49653164.23261955,78,novel_lpwan,downlink,48,139.776,True,normal,0.0
49653220.820619546,78,mqtt_sn,downlink,47,259.852,True,normal,0.0
49653254.364619546,78,coap,downlink,49,265.652,True,normal,0.0
49970584.02304284,95,coap,downlink,10,21.544,True,normal,0.0
49970550.47904284,95,mqtt_sn,downlink,8,146.752,True,normal,0.0
49970444.303042844,95,novel_lpwan,downlink,9,289.104,True,normal,0.0
50087747.87533137,22,novel_lpwan,downlink,9,21.044,True,normal,0.0
50087854.05133137,22,mqtt_sn,downlink,8,146.752,True,normal,0.0
50088076.20333137,22,coap,downlink,10,21.544,True,normal,0.0
50115197.25478927,76,novel_lpwan,downlink,48,75.488,True,normal,0.0
50115303.43078927,76,mqtt_sn,downlink,47,138.176,True,normal,0.0
50115336.97478927,76,coap,downlink,49,141.376,True,normal,0.0
50243557.00934143,70,novel_lpwan,downlink,10,41.288000000000004,False,normal,0.0
50243613.59734143,70,mqtt_sn,downlink,9,21.044,True,normal,0.0
50243835.749341436,70,coap,downlink,11,80.576,True,normal,0.0
50492509.04475018,74,novel_lpwan,downlink,48,40.544,True,normal,0.0
50492539.088750176,74,mqtt_sn,downlink,47,40.044,True,normal,0.0
50492656.46475018,74,coap,downlink,49,76.388,True,normal,0.0
50501134.66149532,67,novel_lpwan,downlink,48,40.544,True,normal,0.0
50501336.51349532,67,mqtt_sn,downlink,47,259.852,True,normal,0.0
50501370.05749532,67,coap,downlink,49,497.10400000000004,True,normal,0.0
50664818.74876181,23,novel_lpwan,downlink,9,21.044,True,normal,0.0
50665201.452761814,23,mqtt_sn,downlink,8,20.544,True,normal,0.0
50665264.34076181,23,coap,downlink,10,152.55200000000002,True,normal,0.0
50711213.61715932,34,novel_lpwan,downlink,9,149.65200000000002,True,normal,0.0
50711270.20515932,34,mqtt_sn,downlink,8,146.752,True,normal,0.0
50711492.357159324,34,coap,downlink,10,21.544,True,normal,0.0
51528903.03334028,83,novel_lpwan,downlink,48,75.488,False,normal,0.0
51528933.07734028,83,mqtt_sn,downlink,47,74.58800000000001,True,normal,0.0
51528995.96534028,83,coap,downlink,49,41.044,True,normal,0.0
51665440.71196095,74,novel_lpwan,downlink,12,43.08800000000001,True,normal,0.0
51665642.56396095,74,mqtt_sn,downlink,11,42.188,True,normal,0.0
51665676.10796095,74,coap,downlink,13,23.044,True,normal,0.0
53001004.43384695,26,mqtt_sn,downlink,47,40.044,True,normal,0.0
53001067.32184695,26,coap,downlink,49,265.652,True,normal,0.0
53568124.910224155,26,novel_lpwan,downlink,48,40.544,True,normal,0.0
53877017.56833487,96,novel_lpwan,downlink,48,262.752,True,normal,0.0
53877219.42033487,96,mqtt_sn,downlink,47,74.58800000000001,True,normal,0.0
53877638.52433487,96,coap,downlink,49,141.376,True,normal,0.0
53992752.79166011,21,novel_lpwan,downlink,48,139.776,False,normal,0.0
53992858.96766011,21,mqtt_sn,downlink,47,40.044,True,normal,0.0
53992921.8556601,21,coap,downlink,49,41.044,True,normal,0.0
54420862.89473159,63,mqtt_sn,downlink,8,39.48800000000001,True,normal,0.0
54420832.85073159,63,novel_lpwan,downlink,9,149.65200000000002,True,normal,0.0
54421663.30273159,63,coap,downlink,10,152.55200000000002,True,normal,0.0
54433651.65231297,96,novel_lpwan,downlink,9,21.044,True,normal,0.0
54433708.24031297,96,mqtt_sn,downlink,8,75.776,True,normal,0.0
54433930.392312974,96,coap,downlink,10,78.976,True,normal,0.0
55850297.34865053,80,mqtt_sn,downlink,47,138.176,True,normal,0.0
55850716.45265053,80,coap,downlink,49,76.388,True,normal,0.0
56076218.64630285,11,novel_lpwan,downlink,9,77.376,True,normal,0.0
56076358.36630285,11,coap,downlink,10,21.544,True,normal,0.0
56092666.485123076,86,mqtt_sn,downlink,11,80.576,True,normal,0.0
56092609.897123076,86,novel_lpwan,downlink,12,304.704,True,normal,0.0
56092783.86112308,86,coap,downlink,13,161.252,True,normal,0.0
56373482.53812359,79,novel_lpwan,downlink,48,40.544,True,normal,0.0
56373684.39012359,79,mqtt_sn,downlink,47,40.044,True,normal,0.0
56373717.93412359,79,coap,downlink,49,76.388,False,normal,0.0
56450420.41431699,80,novel_lpwan,downlink,48,262.752,False,normal,0.0
56464351.35686135,69,mqtt_sn,downlink,8,20.544,True,normal,0.0
56464321.31286135,69,novel_lpwan,downlink,9,77.376,True,normal,0.0
56464468.732861355,69,coap,downlink,10,41.288000000000004,True,normal,0.0
56711504.62252066,11,mqtt_sn,downlink,8,20.544,True,normal,0.0
56840425.831518576,20,novel_lpwan,downlink,9,21.044,True,normal,0.0
56840448.4796903,32,novel_lpwan,downlink,48,40.544,True,normal,0.0
56840482.419518575,20,mqtt_sn,downlink,8,39.48800000000001,True,normal,0.0
56840515.963518575,20,coap,downlink,10,78.976,True,normal,0.0
56841182.3876903,32,mqtt_sn,downlink,47,138.176,True,normal,0.0
56841299.7636903,32,coap,downlink,49,76.388,True,normal,0.0
57939295.17123492,52,novel_lpwan,downlink,48,40.544,True,normal,0.0
57939614.39923492,52,coap,downlink,49,41.044,False,normal,0.0
57939497.02323492,52,mqtt_sn,downlink,47,923.908,True,normal,0.0
58005742.72716233,75,mqtt_sn,downlink,9,40.388000000000005,True,normal,0.0
58005540.87516233,75,novel_lpwan,downlink,10,294.304,True,normal,0.0
58006161.83116233,75,coap,downlink,11,42.188,True,normal,0.0
58804784.08700093,72,novel_lpwan,downlink,48,75.488,True,normal,0.0
58805048.82700092,72,coap,downlink,49,41.044,True,normal,0.0
58804985.93900093,72,mqtt_sn,downlink,47,259.852,True,normal,0.0
58930256.32506507,38,novel_lpwan,downlink,48,40.544,True,normal,0.0
58930458.17706507,38,mqtt_sn,downlink,47,74.58800000000001,True,normal,0.0
58930521.06506506,38,coap,downlink,49,141.376,True,normal,0.0
59027108.5497923,55,novel_lpwan,downlink,12,43.08800000000001,True,normal,0.0
59027491.2537923,55,mqtt_sn,downlink,11,42.188,True,normal,0.0
59027524.7977923,55,coap,downlink,13,43.98800000000001,True,normal,0.0
59460736.72170155,98,novel_lpwan,downlink,48,40.544,True,normal,0.0
59460842.89770155,98,mqtt_sn,downlink,47,74.58800000000001,True,normal,0.0
59460876.44170155,98,coap,downlink,49,76.388,True,normal,0.0
59551607.96073037,35,novel_lpwan,downlink,48,75.488,True,normal,0.0
59551809.812730365,35,mqtt_sn,downlink,47,40.044,True,normal,0.0
59551927.18873037,35,coap,downlink,49,76.388,True,normal,0.0
59842783.53464262,57,mqtt_sn,downlink,47,138.176,True,normal,0.0
59842753.49064262,57,novel_lpwan,downlink,48,262.752,True,normal,0.0
59843005.686642624,57,coap,downlink,49,41.044,True,normal,0.0
60068473.70166187,88,mqtt_sn,downlink,11,42.188,True,normal,0.0
60068443.65766187,88,novel_lpwan,downlink,12,82.176,True,normal,0.0
60068507.24566187,88,coap,downlink,13,23.044,True,normal,0.0
60814594.919294454,81,novel_lpwan,downlink,12,158.352,True,normal,0.0
60814977.62329446,81,mqtt_sn,downlink,11,42.188,False,normal,0.0
60815199.77529446,81,coap,downlink,13,23.044,True,normal,0.0
61004425.55807815,83,novel_lpwan,downlink,10,21.544,True,normal,0.0
61004545.03407814,83,coap,downlink,11,22.044,True,normal,0.0
61004482.14607815,83,mqtt_sn,downlink,9,149.65200000000002,True,normal,0.0
61118500.36100183,94,mqtt_sn,downlink,9,21.044,True,normal,0.0
61118533.90500183,94,coap,downlink,11,80.576,False,normal,0.0
61118470.31700183,94,novel_lpwan,downlink,10,152.55200000000002,True,normal,0.0
61391916.04009259,34,mqtt_sn,downlink,8,20.544,True,normal,0.0
61391809.86409259,34,novel_lpwan,downlink,9,149.65200000000002,True,normal,0.0
61391949.58409259,34,coap,downlink,10,294.304,True,normal,0.0
61590199.06254832,14,novel_lpwan,downlink,48,40.544,True,normal,0.0
61590289.19454832,14,coap,downlink,49,141.376,True,normal,0.0
61590255.65054832,14,mqtt_sn,downlink,47,259.852,True,normal,0.0
62065391.554196954,46,novel_lpwan,downlink,48,40.544,True,normal,0.0
62065497.73019695,46,mqtt_sn,downlink,47,40.044,True,normal,0.0
62065615.106196955,46,coap,downlink,49,41.044,True,normal,0.0
62388070.42140944,94,coap,downlink,49,41.044,True,normal,0.0
62387923.00140944,94,novel_lpwan,downlink,48,262.752,True,normal,0.0
62693831.89946525,66,novel_lpwan,downlink,12,82.176,True,normal,0.0
62694033.751465246,66,mqtt_sn,downlink,11,80.576,True,normal,0.0
62694151.12746525,66,coap,downlink,13,23.044,True,normal,0.0
62799351.215960786,93,novel_lpwan,downlink,9,77.376,True,normal,0.0
62799407.803960785,93,mqtt_sn,downlink,8,39.48800000000001,True,normal,0.0
62799441.347960785,93,coap,downlink,10,572.408,True,normal,0.0
63003867.104077086,94,mqtt_sn,downlink,47,40.044,True,normal,0.0
63034161.63901423,21,mqtt_sn,downlink,11,22.044,True,normal,0.0
63034279.01501423,21,coap,downlink,13,309.904,True,normal,0.0
63230649.30400435,32,novel_lpwan,downlink,48,75.488,True,normal,0.0
63230755.48000435,32,mqtt_sn,downlink,47,40.044,True,normal,0.0
63230818.368004344,32,coap,downlink,49,265.652,True,normal,0.0
63749582.648136646,35,coap,downlink,49,76.388,True,normal,0.0
63749549.104136646,35,mqtt_sn,downlink,47,138.176,True,normal,0.0
63749166.40013664,35,novel_lpwan,downlink,48,933.408,True,normal,0.0
63815409.55400304,70,novel_lpwan,downlink,48,75.488,True,normal,0.0
63815466.14200304,70,mqtt_sn,downlink,47,138.176,True,normal,0.0
63816266.55000304,70,coap,downlink,49,41.044,True,normal,0.0
64132518.16071687,41,mqtt_sn,downlink,11,22.044,True,normal,0.0
64132581.048716865,41,coap,downlink,13,83.776,True,normal,0.0
64132411.98471687,41,novel_lpwan,downlink,12,304.704,True,normal,0.0
64376934.34373544,45,novel_lpwan,downlink,48,139.776,True,normal,0.0
64377040.51973544,45,mqtt_sn,downlink,47,40.044,True,normal,0.0
64377262.67173544,45,coap,downlink,49,497.10400000000004,True,normal,0.0
64465066.761770025,32,novel_lpwan,downlink,48,262.752,True,normal,0.0
64465290.313770026,32,coap,downlink,49,41.044,True,normal,0.0
64465172.937770024,32,mqtt_sn,downlink,47,923.908,True,normal,0.0
65154580.184731536,9,novel_lpwan,downlink,48,40.544,True,normal,0.0
65154636.772731535,9,mqtt_sn,downlink,47,74.58800000000001,True,normal,0.0
65154670.316731535,9,coap,downlink,49,265.652,True,normal,0.0
65198608.85382928,16,novel_lpwan,downlink,48,491.904,True,normal,0.0
65198810.70582928,16,mqtt_sn,downlink,47,486.704,True,normal,0.0
65198844.24982928,16,coap,downlink,49,497.10400000000004,True,normal,0.0
65708969.68936928,29,novel_lpwan,downlink,48,40.544,True,normal,0.0
65709075.86536928,29,mqtt_sn,downlink,47,138.176,True,normal,0.0
65709138.75336928,29,coap,downlink,49,76.388,True,normal,0.0
66112905.22608236,23,mqtt_sn,downlink,8,39.48800000000001,True,normal,0.0
66112848.63808236,23,novel_lpwan,downlink,9,149.65200000000002,True,normal,0.0
66112938.77008236,23,coap,downlink,10,78.976,True,normal,0.0
66413579.56822688,83,novel_lpwan,downlink,48,75.488,True,normal,0.0
66413636.15622688,83,mqtt_sn,downlink,47,40.044,True,normal,0.0
66413753.53222688,83,coap,downlink,49,76.388,True,normal,0.0
67340904.65233317,27,novel_lpwan,downlink,9,21.044,True,normal,0.0
67340961.24033317,27,mqtt_sn,downlink,8,39.48800000000001,True,normal,0.0
67341078.61633317,27,coap,downlink,10,152.55200000000002,True,normal,0.0
67361001.59549873,44,novel_lpwan,downlink,10,21.544,True,normal,0.0
67361058.18349873,44,mqtt_sn,downlink,9,77.376,True,normal,0.0
67361121.07149872,44,coap,downlink,11,299.504,True,normal,0.0
67585857.47726652,9,novel_lpwan,downlink,10,152.55200000000002,True,normal,0.0
67585963.65326652,9,mqtt_sn,downlink,9,149.65200000000002,True,normal,0.0
67586764.06126653,9,coap,downlink,11,22.044,True,normal,0.0
68235830.0035685,94,novel_lpwan,downlink,10,21.544,False,normal,0.0
68236031.8555685,94,mqtt_sn,downlink,9,21.044,True,normal,0.0
68236450.9595685,94,coap,downlink,11,22.044,True,normal,0.0
68705056.76949129,76,novel_lpwan,downlink,9,77.376,True,normal,0.0
68705230.73349129,76,coap,downlink,10,21.544,True,normal,0.0
68705113.35749128,76,mqtt_sn,downlink,8,553.408,False,normal,0.0
68857356.74490507,55,novel_lpwan,downlink,9,149.65200000000002,True,normal,0.0
68857413.33290507,55,mqtt_sn,downlink,8,553.408,True,normal,0.0
68858213.74090508,55,coap,downlink,10,78.976,True,normal,0.0
68892431.79442094,47,novel_lpwan,downlink,12,43.08800000000001,True,normal,0.0
68892488.38242094,47,mqtt_sn,downlink,11,42.188,True,normal,0.0
68892605.75842094,47,coap,downlink,13,43.98800000000001,True,normal,0.0
69763634.2060412,17,novel_lpwan,downlink,48,75.488,True,normal,0.0
69763664.2500412,17,mqtt_sn,downlink,47,74.58800000000001,True,normal,0.0
69763727.1380412,17,coap,downlink,49,942.908,True,normal,0.0
69765806.56622499,25,novel_lpwan,downlink,9,40.388000000000005,True,normal,0.0
69765912.74222499,25,mqtt_sn,downlink,8,146.752,True,normal,0.0
69766030.118225,25,coap,downlink,10,572.408,True,normal,0.0
69920171.29243018,22,mqtt_sn,downlink,11,80.576,True,normal,0.0
69920204.83643018,22,coap,downlink,13,161.252,True,normal,0.0
69920114.70443018,22,novel_lpwan,downlink,12,304.704,True,normal,0.0
70082418.30475362,47,novel_lpwan,downlink,12,43.08800000000001,True,normal,0.0
70082474.89275362,47,mqtt_sn,downlink,11,80.576,True,normal,0.0
70082697.04475361,47,coap,downlink,13,23.044,True,normal,0.0
70113949.18718244,46,novel_lpwan,downlink,48,40.544,True,normal,0.0
70114005.77518244,46,mqtt_sn,downlink,47,74.58800000000001,True,normal,0.0
70114123.15118244,46,coap,downlink,49,41.044,True,normal,0.0
71201148.70549032,33,novel_lpwan,downlink,48,40.544,True,normal,0.0
71201350.55749032,33,mqtt_sn,downlink,47,74.58800000000001,True,normal,0.0
71508632.25778753,57,novel_lpwan,downlink,10,21.544,True,normal,0.0
71508688.84578753,57,mqtt_sn,downlink,9,21.044,True,normal,0.0
71508722.38978752,57,coap,downlink,11,42.188,True,normal,0.0
71701499.07136258,16,mqtt_sn,downlink,11,42.188,True,normal,0.0
71701442.48336259,16,novel_lpwan,downlink,12,591.408,True,normal,0.0
71701721.22336258,16,coap,downlink,13,600.908,True,normal,0.0
71853192.7800679,33,coap,downlink,49,76.388,True,normal,0.0
71856049.86018735,2,novel_lpwan,downlink,48,75.488,True,normal,0.0
71856106.44818735,2,mqtt_sn,downlink,47,74.58800000000001,True,normal,0.0
71856223.82418735,2,coap,downlink,49,41.044,True,normal,0.0
72301061.5998645,36,mqtt_sn,downlink,8,39.48800000000001,True,normal,0.0
72301095.1438645,36,coap,downlink,10,294.304,True,normal,0.0
72523905.04841518,5,novel_lpwan,downlink,10,21.544,True,normal,0.0
72524287.75241518,5,mqtt_sn,downlink,9,40.388000000000005,True,normal,0.0
72524405.12841518,5,coap,downlink,11,22.044,True,normal,0.0
72846592.10112748,36,novel_lpwan,downlink,9,40.388000000000005,True,normal,0.0
73488241.84489404,36,novel_lpwan,downlink,48,40.544,True,normal,0.0
73488271.88889404,36,mqtt_sn,downlink,47,74.58800000000001,True,normal,0.0
73489072.29689404,36,coap,downlink,49,265.652,True,normal,0.0
73709802.77554668,90,novel_lpwan,downlink,9,77.376,True,normal,0.0
73710219.02354668,90,coap,downlink,10,41.288000000000004,True,normal,0.0
73710185.47954668,90,mqtt_sn,downlink,8,75.776,False,normal,0.0
73912733.11901636,82,novel_lpwan,downlink,12,43.08800000000001,True,normal,0.0
73912763.16301636,82,mqtt_sn,downlink,11,22.044,True,normal,0.0
73912826.05101636,82,coap,downlink,13,23.044,True,normal,0.0
74464477.38706215,8,mqtt_sn,downlink,8,39.48800000000001,True,normal,0.0
74464510.93106215,8,coap,downlink,10,21.544,True,normal,0.0
74464420.79906215,8,novel_lpwan,downlink,9,289.104,True,normal,0.0
75394114.19971915,72,novel_lpwan,downlink,48,40.544,True,normal,0.0
75394316.05171914,72,mqtt_sn,downlink,47,40.044,True,normal,0.0
75394433.42771915,72,coap,downlink,49,141.376,True,normal,0.0
75682065.6998326,61,coap,downlink,49,141.376,True,normal,0.0
75681972.7678326,61,novel_lpwan,downlink,48,262.752,True,normal,0.0
75682002.8118326,61,mqtt_sn,downlink,47,259.852,True,normal,0.0
75719838.17755438,75,mqtt_sn,downlink,9,21.044,False,normal,0.0
75719781.58955438,75,novel_lpwan,downlink,10,78.976,True,normal,0.0
75720257.28155439,75,coap,downlink,11,22.044,True,normal,0.0
76700493.7872833,24,novel_lpwan,downlink,9,40.388000000000005,True,normal,0.0
76701227.69528331,24,mqtt_sn,downlink,8,75.776,True,normal,0.0
76701290.5832833,24,coap,downlink,10,21.544,True,normal,0.0
76707852.2519118,80,novel_lpwan,downlink,9,77.376,True,normal,0.0
76707882.2959118,80,mqtt_sn,downlink,8,75.776,True,normal,0.0
76708301.3999118,80,coap,downlink,10,21.544,True,normal,0.0
77321143.30676672,53,novel_lpwan,downlink,12,158.352,True,normal,0.0
77321173.35076672,53,mqtt_sn,downlink,11,299.504,True,normal,0.0
77321236.23876671,53,coap,downlink,13,309.904,True,normal,0.0
77578049.13397211,23,novel_lpwan,downlink,10,78.976,True,normal,0.0
77578218.1979721,23,coap,downlink,11,42.188,True,normal,0.0
77578155.3099721,23,mqtt_sn,downlink,9,149.65200000000002,True,normal,0.0
78037535.21922916,75,novel_lpwan,downlink,48,40.544,True,normal,0.0
78037641.39522916,75,mqtt_sn,downlink,47,40.044,True,normal,0.0
78037704.28322916,75,coap,downlink,49,497.10400000000004,True,normal,0.0
78327887.28437981,52,mqtt_sn,downlink,8,75.776,True,normal,0.0
78328109.4363798,52,coap,downlink,10,41.288000000000004,True,normal,0.0
78327830.69637981,52,novel_lpwan,downlink,9,562.908,True,normal,0.0
78414723.61890738,68,novel_lpwan,downlink,48,40.544,True,normal,0.0
78415042.84690738,68,coap,downlink,49,41.044,True,normal,0.0
78414925.47090738,68,mqtt_sn,downlink,47,259.852,True,normal,0.0
78480850.05502552,56,novel_lpwan,downlink,9,40.388000000000005,True,normal,0.0
78481024.01902552,56,coap,downlink,10,21.544,True,normal,0.0
78480906.64302552,56,mqtt_sn,downlink,8,146.752,True,normal,0.0
78488718.51670186,34,novel_lpwan,downlink,9,40.388000000000005,True,normal,0.0
78488953.91270186,34,coap,downlink,10,41.288000000000004,True,normal,0.0
78488920.36870186,34,mqtt_sn,downlink,8,75.776,False,normal,0.0
78680910.93331428,11,mqtt_sn,downlink,9,40.388000000000005,True,normal,0.0
78680880.88931428,11,novel_lpwan,downlink,10,78.976,True,normal,0.0
78681028.30931428,11,coap,downlink,11,42.188,True,normal,0.0
78841478.24910954,26,novel_lpwan,downlink,10,78.976,True,normal,0.0
78841508.29310954,26,mqtt_sn,downlink,9,149.65200000000002,True,normal,0.0
79051353.4176928,9,mqtt_sn,downlink,47,74.58800000000001,True,normal,0.0
79051470.7936928,9,coap,downlink,49,41.044,True,normal,0.0
79051296.8296928,9,novel_lpwan,downlink,48,491.904,True,normal,0.0
79359713.8998458,95,mqtt_sn,downlink,47,40.044,True,normal,0.0
79359512.0478458,95,novel_lpwan,downlink,48,262.752,True,normal,0.0
79359776.78784579,95,coap,downlink,49,76.388,True,normal,0.0
79389372.89115506,26,coap,downlink,11,22.044,True,normal,0.0
79922857.71964894,17,novel_lpwan,downlink,9,21.044,True,normal,0.0
79922887.76364894,17,mqtt_sn,downlink,8,75.776,True,normal,0.0
79922950.65164894,17,coap,downlink,10,41.288000000000004,True,normal,0.0
80198809.40399525,18,novel_lpwan,downlink,48,75.488,False,normal,0.0
80199192.10799524,18,mqtt_sn,downlink,47,40.044,True,normal,0.0
80199254.99599524,18,coap,downlink,49,41.044,True,normal,0.0
80691222.30168688,36,mqtt_sn,downlink,8,20.544,True,normal,0.0
80691192.25768688,36,novel_lpwan,downlink,9,149.65200000000002,True,normal,0.0
80691339.67768688,36,coap,downlink,10,21.544,True,normal,0.0
80768379.67816935,29,novel_lpwan,downlink,48,139.776,True,normal,0.0
80768581.53016935,29,mqtt_sn,downlink,47,40.044,True,normal,0.0
80768615.07416935,29,coap,downlink,49,265.652,True,normal,0.0
80997089.5181057,41,novel_lpwan,downlink,12,43.08800000000001,True,normal,0.0
80997472.2221057,41,mqtt_sn,downlink,11,22.044,False,normal,0.0
80997505.7661057,41,coap,downlink,13,161.252,True,normal,0.0
81085799.48441641,35,mqtt_sn,downlink,47,40.044,True,normal,0.0
81085742.89641641,35,novel_lpwan,downlink,48,139.776,True,normal,0.0
81086021.6364164,35,coap,downlink,49,76.388,True,normal,0.0
81340850.89221716,36,novel_lpwan,downlink,12,43.08800000000001,True,normal,0.0
81340957.06821716,36,mqtt_sn,downlink,11,80.576,True,normal,0.0
81341179.22021715,36,coap,downlink,13,83.776,True,normal,0.0
81459350.30751017,18,novel_lpwan,downlink,9,149.65200000000002,True,normal,0.0
81459615.04751016,18,coap,downlink,10,41.288000000000004,True,normal,0.0
81459552.15951017,18,mqtt_sn,downlink,8,146.752,True,normal,0.0
81855697.62682593,82,novel_lpwan,downlink,9,21.044,True,normal,0.0
81855727.67082593,82,mqtt_sn,downlink,8,20.544,True,normal,0.0
81855790.55882592,82,coap,downlink,10,152.55200000000002,True,normal,0.0
82156789.39312841,9,novel_lpwan,downlink,9,21.044,True,normal,0.0
82156991.24512841,9,mqtt_sn,downlink,8,20.544,True,normal,0.0
82157054.1331284,9,coap,downlink,10,78.976,True,normal,0.0
82667419.71403131,76,mqtt_sn,downlink,47,74.58800000000001,True,normal,0.0
82667482.6020313,76,coap,downlink,49,141.376,True,normal,0.0
82667313.53803131,76,novel_lpwan,downlink,48,491.904,True,normal,0.0
83149262.90139355,66,novel_lpwan,downlink,48,75.488,True,normal,0.0
83149319.48939355,66,mqtt_sn,downlink,47,40.044,True,normal,0.0
83149382.37739354,66,coap,downlink,49,41.044,True,normal,0.0
83501005.30689602,51,novel_lpwan,downlink,12,22.544,True,normal,0.0
83501061.89489602,51,mqtt_sn,downlink,11,155.452,True,normal,0.0
83501124.78289601,51,coap,downlink,13,161.252,True,normal,0.0
83605261.55602223,82,mqtt_sn,downlink,11,22.044,True,normal,0.0
83605231.51202223,82,novel_lpwan,downlink,12,158.352,True,normal,0.0
83605324.44402222,82,coap,downlink,13,161.252,True,normal,0.0
84394888.30723633,18,novel_lpwan,downlink,9,77.376,True,normal,0.0
84395090.15923633,18,mqtt_sn,downlink,8,75.776,True,normal,0.0
84395153.04723632,18,coap,downlink,10,41.288000000000004,True,normal,0.0
84506609.34453014,78,novel_lpwan,downlink,9,149.65200000000002,True,normal,0.0
84506715.52053013,78,mqtt_sn,downlink,8,75.776,True,normal,0.0
84506832.89653014,78,coap,downlink,10,294.304,True,normal,0.0
84593151.78428094,9,novel_lpwan,downlink,48,139.776,True,normal,0.0
84593257.96028094,9,mqtt_sn,downlink,47,40.044,True,normal,0.0
84593291.50428094,9,coap,downlink,49,41.044,True,normal,0.0
84909048.4542456,76,novel_lpwan,downlink,12,22.544,True,normal,0.0
84909154.6302456,76,mqtt_sn,downlink,11,42.188,True,normal,0.0
84909188.1742456,76,coap,downlink,13,43.98800000000001,True,normal,0.0
84942871.15089124,28,novel_lpwan,downlink,10,21.544,True,normal,0.0
84942961.28289124,28,coap,downlink,11,80.576,True,normal,0.0
84942927.73889124,28,mqtt_sn,downlink,9,289.104,True,normal,0.0
85219337.28088266,41,mqtt_sn,downlink,47,40.044,True,normal,0.0
85219135.42888266,41,novel_lpwan,downlink,48,262.752,True,normal,0.0
85219370.82488266,41,coap,downlink,49,76.388,True,normal,0.0
85533441.89458288,96,novel_lpwan,downlink,12,158.352,True,normal,0.0
85533548.07058288,96,mqtt_sn,downlink,11,80.576,True,normal,0.0
85533665.44658288,96,coap,downlink,13,43.98800000000001,True,normal,0.0
85669911.7593978,24,coap,downlink,49,41.044,True,normal,0.0
85669878.2153978,24,mqtt_sn,downlink,47,138.176,True,normal,0.0
85669848.1713978,24,novel_lpwan,downlink,48,491.904,True,normal,0.0
85826194.90825695,41,novel_lpwan,downlink,48,40.544,True,normal,0.0
85826251.49625695,41,mqtt_sn,downlink,47,74.58800000000001,True,normal,0.0
85826473.64825694,41,coap,downlink,49,41.044,True,normal,0.0
85841915.6325677,86,novel_lpwan,downlink,48,40.544,True,normal,0.0
85842021.8085677,86,mqtt_sn,downlink,47,74.58800000000001,True,normal,0.0
86192676.05524136,25,novel_lpwan,downlink,48,40.544,True,normal,0.0
86192706.09924136,25,mqtt_sn,downlink,47,138.176,True,normal,0.0
86192823.47524136,25,coap,downlink,49,76.388,True,normal,0.0
86254056.58269177,24,novel_lpwan,downlink,12,43.08800000000001,True,normal,0.0
86254113.17069177,24,mqtt_sn,downlink,11,42.188,True,normal,0.0
86254176.05869177,24,coap,downlink,13,161.252,True,normal,0.0
